cagr,annualized_vol,max_drawdown,final_multiple,uvix_entries,uvix_exits,uvix_gspc_profit_exit_only,uvix_rsi_exit_only,uvix_rsi_and_gspc_profit_exit,low_rsi_entries,low_rsi_exits,skipped_uvix_entry_days,start,end,alpha_drawdown_pct,uvix_entry_rsi,uvix_entry_min_bb_z,uvix_exit_rsi,uvix_gspc_profit_exit_pct,low_rsi_entry,low_rsi_exit,uvix_day_share,low_rsi_day_share,base_reentry_rule,transition_policy
0.8391965851910186,0.7084643855198983,-0.949296766445556,233437.7462793453,160,159,79,19,61,0,0,132,2005-12-20,2026-04-17,0.0,67.5,1.6,66.0,0.1,30.0,32.5,0.0,0.0,tqqq_open_drawdown_from_immediate_prior_peak,one_open_transition_per_day
0.8391965851910186,0.7084643855198983,-0.949296766445556,233437.7462793453,160,159,79,19,61,0,0,132,2005-12-20,2026-04-17,0.5,67.5,1.6,66.0,0.1,30.0,32.5,0.0,0.0,tqqq_open_drawdown_from_immediate_prior_peak,one_open_transition_per_day
0.8391965851910186,0.7084643855198983,-0.949296766445556,233437.7462793453,160,159,79,19,61,0,0,132,2005-12-20,2026-04-17,1.0,67.5,1.6,66.0,0.1,30.0,32.5,0.0,0.0,tqqq_open_drawdown_from_immediate_prior_peak,one_open_transition_per_day
0.8391965851910186,0.7084643855198983,-0.949296766445556,233437.7462793453,160,159,79,19,61,0,0,132,2005-12-20,2026-04-17,1.5,67.5,1.6,66.0,0.1,30.0,32.5,0.0,0.0,tqqq_open_drawdown_from_immediate_prior_peak,one_open_transition_per_day
0.8391965851910186,0.7084643855198983,-0.949296766445556,233437.7462793453,160,159,79,19,61,0,0,132,2005-12-20,2026-04-17,2.0,67.5,1.6,66.0,0.1,30.0,32.5,0.0,0.0,tqqq_open_drawdown_from_immediate_prior_peak,one_open_transition_per_day
0.8391965851910186,0.7084643855198983,-0.949296766445556,233437.7462793453,160,159,79,19,61,0,0,132,2005-12-20,2026-04-17,2.5,67.5,1.6,66.0,0.1,30.0,32.5,0.0,0.0,tqqq_open_drawdown_from_immediate_prior_peak,one_open_transition_per_day
0.8391965851910186,0.7084643855198983,-0.949296766445556,233437.7462793453,160,159,79,19,61,0,0,132,2005-12-20,2026-04-17,3.0,67.5,1.6,66.0,0.1,30.0,32.5,0.0,0.0,tqqq_open_drawdown_from_immediate_prior_peak,one_open_transition_per_day
0.8391965851910186,0.7084643855198983,-0.949296766445556,233437.7462793453,160,159,79,19,61,0,0,132,2005-12-20,2026-04-17,3.5,67.5,1.6,66.0,0.1,30.0,32.5,0.0,0.0,tqqq_open_drawdown_from_immediate_prior_peak,one_open_transition_per_day
0.8391965851910186,0.7084643855198983,-0.949296766445556,233437.7462793453,160,159,79,19,61,0,0,132,2005-12-20,2026-04-17,4.0,67.5,1.6,66.0,0.1,30.0,32.5,0.0,0.0,tqqq_open_drawdown_from_immediate_prior_peak,one_open_transition_per_day
0.8391965851910186,0.7084643855198983,-0.949296766445556,233437.7462793453,160,159,79,19,61,0,0,132,2005-12-20,2026-04-17,4.5,67.5,1.6,66.0,0.1,30.0,32.5,0.0,0.0,tqqq_open_drawdown_from_immediate_prior_peak,one_open_transition_per_day
0.8391965851910186,0.7084643855198983,-0.949296766445556,233437.7462793453,160,159,79,19,61,0,0,132,2005-12-20,2026-04-17,5.0,67.5,1.6,66.0,0.1,30.0,32.5,0.0,0.0,tqqq_open_drawdown_from_immediate_prior_peak,one_open_transition_per_day
0.8391965851910186,0.7084643855198983,-0.949296766445556,233437.7462793453,160,159,79,19,61,0,0,132,2005-12-20,2026-04-17,5.5,67.5,1.6,66.0,0.1,30.0,32.5,0.0,0.0,tqqq_open_drawdown_from_immediate_prior_peak,one_open_transition_per_day
0.8391965851910186,0.7084643855198983,-0.949296766445556,233437.7462793453,160,159,79,19,61,0,0,132,2005-12-20,2026-04-17,6.0,67.5,1.6,66.0,0.1,30.0,32.5,0.0,0.0,tqqq_open_drawdown_from_immediate_prior_peak,one_open_transition_per_day
0.8391965851910186,0.7084643855198983,-0.949296766445556,233437.7462793453,160,159,79,19,61,0,0,132,2005-12-20,2026-04-17,6.5,67.5,1.6,66.0,0.1,30.0,32.5,0.0,0.0,tqqq_open_drawdown_from_immediate_prior_peak,one_open_transition_per_day
0.8391965851910186,0.7084643855198983,-0.949296766445556,233437.7462793453,160,159,79,19,61,0,0,132,2005-12-20,2026-04-17,7.0,67.5,1.6,66.0,0.1,30.0,32.5,0.0,0.0,tqqq_open_drawdown_from_immediate_prior_peak,one_open_transition_per_day
0.8391965851910186,0.7084643855198983,-0.949296766445556,233437.7462793453,160,159,79,19,61,0,0,132,2005-12-20,2026-04-17,7.5,67.5,1.6,66.0,0.1,30.0,32.5,0.0,0.0,tqqq_open_drawdown_from_immediate_prior_peak,one_open_transition_per_day
0.8428389650156138,0.7083055963097921,-0.949296766445556,242997.19874648747,160,159,79,19,61,0,0,132,2005-12-20,2026-04-17,8.0,67.5,1.6,66.0,0.1,30.0,32.5,0.0,0.0,tqqq_open_drawdown_from_immediate_prior_peak,one_open_transition_per_day
0.8529377254234396,0.7075638036753812,-0.9408711307844898,271486.4351376715,160,159,79,19,61,0,0,132,2005-12-20,2026-04-17,8.5,67.5,1.6,66.0,0.1,30.0,32.5,0.0,0.0,tqqq_open_drawdown_from_immediate_prior_peak,one_open_transition_per_day
0.854746259682075,0.7075494352639554,-0.9408711307844898,276912.64910450525,160,159,79,19,61,0,0,132,2005-12-20,2026-04-17,9.0,67.5,1.6,66.0,0.1,30.0,32.5,0.0,0.0,tqqq_open_drawdown_from_immediate_prior_peak,one_open_transition_per_day
0.8512977576903025,0.7075245634218018,-0.9408711307844898,266653.50410795293,160,159,79,19,61,0,0,132,2005-12-20,2026-04-17,9.5,67.5,1.6,66.0,0.1,30.0,32.5,0.0,0.0,tqqq_open_drawdown_from_immediate_prior_peak,one_open_transition_per_day
0.8452380323710369,0.7075184539219781,-0.9408711307844898,249495.614885065,160,159,79,19,61,0,0,132,2005-12-20,2026-04-17,10.0,67.5,1.6,66.0,0.1,30.0,32.5,0.0,0.0,tqqq_open_drawdown_from_immediate_prior_peak,one_open_transition_per_day
0.8478818601308147,0.7073218223166088,-0.9408711307844898,256848.28676594462,160,159,79,19,61,0,0,132,2005-12-20,2026-04-17,10.5,67.5,1.6,66.0,0.1,30.0,32.5,0.0,0.0,tqqq_open_drawdown_from_immediate_prior_peak,one_open_transition_per_day
0.8564199695430774,0.7070754559899246,-0.9408711307844898,282026.0775840133,160,159,79,19,61,0,0,132,2005-12-20,2026-04-17,11.0,67.5,1.6,66.0,0.1,30.0,32.5,0.0,0.0,tqqq_open_drawdown_from_immediate_prior_peak,one_open_transition_per_day
0.860397681789089,0.7070222574269048,-0.9408711307844898,294541.17776330194,160,159,79,19,61,0,0,132,2005-12-20,2026-04-17,11.5,67.5,1.6,66.0,0.1,30.0,32.5,0.0,0.0,tqqq_open_drawdown_from_immediate_prior_peak,one_open_transition_per_day
0.860397681789089,0.7070222574269048,-0.9408711307844898,294541.17776330194,160,159,79,19,61,0,0,132,2005-12-20,2026-04-17,12.0,67.5,1.6,66.0,0.1,30.0,32.5,0.0,0.0,tqqq_open_drawdown_from_immediate_prior_peak,one_open_transition_per_day
0.8561088536518804,0.7070630509025775,-0.9408711307844898,281068.830949737,160,159,79,19,61,0,0,132,2005-12-20,2026-04-17,12.5,67.5,1.6,66.0,0.1,30.0,32.5,0.0,0.0,tqqq_open_drawdown_from_immediate_prior_peak,one_open_transition_per_day
0.8530304165216982,0.7063880363038249,-0.9408711307844898,271762.0642896475,160,159,79,19,61,0,0,132,2005-12-20,2026-04-17,13.0,67.5,1.6,66.0,0.1,30.0,32.5,0.0,0.0,tqqq_open_drawdown_from_immediate_prior_peak,one_open_transition_per_day
0.8538421911852676,0.7063731603453653,-0.9408711307844898,274187.3768247233,160,159,79,19,61,0,0,132,2005-12-20,2026-04-17,13.5,67.5,1.6,66.0,0.1,30.0,32.5,0.0,0.0,tqqq_open_drawdown_from_immediate_prior_peak,one_open_transition_per_day
0.8518252667499642,0.706410093458664,-0.9408711307844898,268199.0608851098,160,159,79,19,61,0,0,132,2005-12-20,2026-04-17,14.0,67.5,1.6,66.0,0.1,30.0,32.5,0.0,0.0,tqqq_open_drawdown_from_immediate_prior_peak,one_open_transition_per_day
0.850099863839046,0.7063149421090453,-0.9408711307844898,263175.1633377429,160,159,79,19,61,1,1,132,2005-12-20,2026-04-17,14.5,67.5,1.6,66.0,0.1,30.0,32.5,0.0,0.0,tqqq_open_drawdown_from_immediate_prior_peak,one_open_transition_per_day
0.850099863839046,0.7063149421090453,-0.9408711307844898,263175.1633377429,160,159,79,19,61,1,1,132,2005-12-20,2026-04-17,15.0,67.5,1.6,66.0,0.1,30.0,32.5,0.0,0.0,tqqq_open_drawdown_from_immediate_prior_peak,one_open_transition_per_day
0.841322846480445,0.7061462332600921,-0.9408711307844898,238973.77674275657,160,159,79,19,61,1,1,132,2005-12-20,2026-04-17,15.5,67.5,1.6,66.0,0.1,30.0,32.5,0.0,0.0,tqqq_open_drawdown_from_immediate_prior_peak,one_open_transition_per_day
0.8465499304147484,0.7062882064627872,-0.9393205920936557,253118.72060302546,160,159,79,19,61,1,1,132,2005-12-20,2026-04-17,16.0,67.5,1.6,66.0,0.1,30.0,32.5,0.0,0.0,tqqq_open_drawdown_from_immediate_prior_peak,one_open_transition_per_day
0.8526239476572013,0.7063746576518031,-0.9393205920936557,270555.34706360515,160,159,79,19,61,1,1,132,2005-12-20,2026-04-17,16.5,67.5,1.6,66.0,0.1,30.0,32.5,0.0,0.0,tqqq_open_drawdown_from_immediate_prior_peak,one_open_transition_per_day
0.8526239476572013,0.7063746576518031,-0.9393205920936557,270555.34706360515,160,159,79,19,61,1,1,132,2005-12-20,2026-04-17,17.0,67.5,1.6,66.0,0.1,30.0,32.5,0.0,0.0,tqqq_open_drawdown_from_immediate_prior_peak,one_open_transition_per_day
0.8457156854208907,0.7062399137272032,-0.9393205920936556,250809.01723386848,160,159,79,19,61,1,1,132,2005-12-20,2026-04-17,17.5,67.5,1.6,66.0,0.1,30.0,32.5,0.0,0.0,tqqq_open_drawdown_from_immediate_prior_peak,one_open_transition_per_day
0.8457156854208907,0.7062399137272032,-0.9393205920936556,250809.01723386848,160,159,79,19,61,1,1,132,2005-12-20,2026-04-17,18.0,67.5,1.6,66.0,0.1,30.0,32.5,0.0,0.0,tqqq_open_drawdown_from_immediate_prior_peak,one_open_transition_per_day
0.8524401417175367,0.7058833317054671,-0.9393205920936557,270011.34160870337,160,159,79,19,61,1,1,132,2005-12-20,2026-04-17,18.5,67.5,1.6,66.0,0.1,30.0,32.5,0.0,0.0,tqqq_open_drawdown_from_immediate_prior_peak,one_open_transition_per_day
0.8524401417175367,0.7058833317054671,-0.9393205920936557,270011.34160870337,160,159,79,19,61,1,1,132,2005-12-20,2026-04-17,19.0,67.5,1.6,66.0,0.1,30.0,32.5,0.0,0.0,tqqq_open_drawdown_from_immediate_prior_peak,one_open_transition_per_day
0.8562735461758058,0.7057679759835228,-0.9393205920936556,281575.1742448438,160,159,79,19,61,1,1,132,2005-12-20,2026-04-17,19.5,67.5,1.6,66.0,0.1,30.0,32.5,0.0,0.0,tqqq_open_drawdown_from_immediate_prior_peak,one_open_transition_per_day
0.849294798302368,0.7056320050412167,-0.9393205920936556,260861.7674753048,160,159,79,19,61,1,1,132,2005-12-20,2026-04-17,20.0,67.5,1.6,66.0,0.1,30.0,32.5,0.0,0.0,tqqq_open_drawdown_from_immediate_prior_peak,one_open_transition_per_day
0.8588960524086797,0.7056846778212296,-0.9393205920936557,289755.7966256467,160,159,79,19,61,1,1,132,2005-12-20,2026-04-17,20.5,67.5,1.6,66.0,0.1,30.0,32.5,0.0,0.0,tqqq_open_drawdown_from_immediate_prior_peak,one_open_transition_per_day
0.8626804431579453,0.704986533686646,-0.9393205920936557,301960.04617498076,160,159,79,19,61,2,2,132,2005-12-20,2026-04-17,21.0,67.5,1.6,66.0,0.1,30.0,32.5,0.0,0.0,tqqq_open_drawdown_from_immediate_prior_peak,one_open_transition_per_day
0.8896352866691628,0.7044558100439828,-0.9393205920936557,404133.5869653067,160,159,79,19,61,2,2,132,2005-12-20,2026-04-17,21.5,67.5,1.6,66.0,0.1,30.0,32.5,0.0,0.0,tqqq_open_drawdown_from_immediate_prior_peak,one_open_transition_per_day
0.8896352866691628,0.7044558100439828,-0.9393205920936557,404133.5869653067,160,159,79,19,61,2,2,132,2005-12-20,2026-04-17,22.0,67.5,1.6,66.0,0.1,30.0,32.5,0.0,0.0,tqqq_open_drawdown_from_immediate_prior_peak,one_open_transition_per_day
0.8968374510021699,0.7043077839099722,-0.9393205920936556,436555.526539605,160,159,79,19,61,2,2,132,2005-12-20,2026-04-17,22.5,67.5,1.6,66.0,0.1,30.0,32.5,0.0,0.0,tqqq_open_drawdown_from_immediate_prior_peak,one_open_transition_per_day
0.8940960366095501,0.7040746338865558,-0.9393205920936557,423933.38543666375,160,159,79,19,61,2,2,132,2005-12-20,2026-04-17,23.0,67.5,1.6,66.0,0.1,30.0,32.5,0.0,0.0,tqqq_open_drawdown_from_immediate_prior_peak,one_open_transition_per_day
0.8851497759323401,0.7040222326203488,-0.9393205920936557,385112.36390715133,160,159,79,19,61,2,2,132,2005-12-20,2026-04-17,23.5,67.5,1.6,66.0,0.1,30.0,32.5,0.0,0.0,tqqq_open_drawdown_from_immediate_prior_peak,one_open_transition_per_day
0.8821239777958199,0.7040148515022989,-0.9393205920936557,372765.2957157713,160,159,79,19,61,2,2,132,2005-12-20,2026-04-17,24.0,67.5,1.6,66.0,0.1,30.0,32.5,0.0,0.0,tqqq_open_drawdown_from_immediate_prior_peak,one_open_transition_per_day
0.8826568985438552,0.7038354083994793,-0.9393205920936557,374912.2677476777,160,159,79,19,61,2,2,132,2005-12-20,2026-04-17,24.5,67.5,1.6,66.0,0.1,30.0,32.5,0.0,0.0,tqqq_open_drawdown_from_immediate_prior_peak,one_open_transition_per_day
0.8840853610425701,0.7033708716019516,-0.9393205920936557,380725.2393773324,160,159,79,19,61,2,2,132,2005-12-20,2026-04-17,25.0,67.5,1.6,66.0,0.1,30.0,32.5,0.0,0.0,tqqq_open_drawdown_from_immediate_prior_peak,one_open_transition_per_day
0.8935003581914498,0.702212949251501,-0.9393205920936556,421237.0043087751,160,159,79,19,61,2,2,132,2005-12-20,2026-04-17,25.5,67.5,1.6,66.0,0.1,30.0,32.5,0.0,0.0,tqqq_open_drawdown_from_immediate_prior_peak,one_open_transition_per_day
0.8956138109631735,0.7020939500585258,-0.9393205920936556,430878.0672840403,160,159,79,19,61,2,2,132,2005-12-20,2026-04-17,26.0,67.5,1.6,66.0,0.1,30.0,32.5,0.0,0.0,tqqq_open_drawdown_from_immediate_prior_peak,one_open_transition_per_day
0.8928007348108415,0.7019919306720702,-0.9393205920936556,418090.92895781517,160,159,79,19,61,2,2,132,2005-12-20,2026-04-17,26.5,67.5,1.6,66.0,0.1,30.0,32.5,0.0,0.0,tqqq_open_drawdown_from_immediate_prior_peak,one_open_transition_per_day
0.9100127196867966,0.7007960639781655,-0.9281965100596035,502367.1844701417,160,159,79,19,61,2,2,132,2005-12-20,2026-04-17,27.0,67.5,1.6,66.0,0.1,30.0,32.5,0.0,0.0,tqqq_open_drawdown_from_immediate_prior_peak,one_open_transition_per_day
0.9222589857316941,0.7006863407847379,-0.9281965100596036,571909.2338955718,160,159,79,19,61,2,2,132,2005-12-20,2026-04-17,27.5,67.5,1.6,66.0,0.1,30.0,32.5,0.0,0.0,tqqq_open_drawdown_from_immediate_prior_peak,one_open_transition_per_day
0.9264185196904484,0.6998221577967999,-0.9246416938173067,597544.4556288652,160,159,79,19,61,2,2,132,2005-12-20,2026-04-17,28.0,67.5,1.6,66.0,0.1,30.0,32.5,0.0,0.0,tqqq_open_drawdown_from_immediate_prior_peak,one_open_transition_per_day
0.8962680835090391,0.6990210566266538,-0.9246416938173067,433904.9779005272,160,159,79,19,61,3,3,132,2005-12-20,2026-04-17,28.5,67.5,1.6,66.0,0.1,30.0,32.5,0.0,0.0,tqqq_open_drawdown_from_immediate_prior_peak,one_open_transition_per_day
0.9007711084685173,0.6978614977859439,-0.9246416938173067,455292.6897442613,160,159,79,19,61,4,4,132,2005-12-20,2026-04-17,29.0,67.5,1.6,66.0,0.1,30.0,32.5,0.0,0.0,tqqq_open_drawdown_from_immediate_prior_peak,one_open_transition_per_day
0.8955014550603708,0.6977978629605172,-0.9246416938173067,430360.2905627861,160,159,79,19,61,4,4,132,2005-12-20,2026-04-17,29.5,67.5,1.6,66.0,0.1,30.0,32.5,0.0,0.0,tqqq_open_drawdown_from_immediate_prior_peak,one_open_transition_per_day
0.9165457037440943,0.6985065515193558,-0.9246416938173067,538397.918185334,160,159,79,19,61,6,6,132,2005-12-20,2026-04-17,30.0,67.5,1.6,66.0,0.1,30.0,32.5,0.0,0.0,tqqq_open_drawdown_from_immediate_prior_peak,one_open_transition_per_day
0.9234856579886606,0.6984419386931029,-0.9246416938173065,579358.4171675681,160,159,79,19,61,6,6,132,2005-12-20,2026-04-17,30.5,67.5,1.6,66.0,0.1,30.0,32.5,0.0,0.0,tqqq_open_drawdown_from_immediate_prior_peak,one_open_transition_per_day
0.9069081590001065,0.6983496542756517,-0.9246416938173065,486059.86388170003,160,159,79,19,61,6,6,132,2005-12-20,2026-04-17,31.0,67.5,1.6,66.0,0.1,30.0,32.5,0.0,0.0,tqqq_open_drawdown_from_immediate_prior_peak,one_open_transition_per_day
0.8919224363930705,0.6978626731288241,-0.9246416938173065,414173.0035844995,160,159,79,19,61,6,6,132,2005-12-20,2026-04-17,31.5,67.5,1.6,66.0,0.1,30.0,32.5,0.0,0.0,tqqq_open_drawdown_from_immediate_prior_peak,one_open_transition_per_day
0.8972340803155614,0.6978839054110751,-0.9246416938173065,438411.0241486847,160,159,79,19,61,7,7,132,2005-12-20,2026-04-17,32.0,67.5,1.6,66.0,0.1,30.0,32.5,0.0,0.0,tqqq_open_drawdown_from_immediate_prior_peak,one_open_transition_per_day
0.9090804696795678,0.6978094692007113,-0.9246416938173065,497416.5033958565,160,159,79,19,61,8,8,132,2005-12-20,2026-04-17,32.5,67.5,1.6,66.0,0.1,30.0,32.5,0.0,0.0,tqqq_open_drawdown_from_immediate_prior_peak,one_open_transition_per_day
0.9056411314366046,0.697584939742229,-0.9246416938173065,479550.23639847833,160,159,79,19,61,8,8,132,2005-12-20,2026-04-17,33.0,67.5,1.6,66.0,0.1,30.0,32.5,0.0,0.0,tqqq_open_drawdown_from_immediate_prior_peak,one_open_transition_per_day
0.9157080832180167,0.6975541493930372,-0.9246416938173065,533644.6475307569,160,159,79,19,61,8,8,132,2005-12-20,2026-04-17,33.5,67.5,1.6,66.0,0.1,30.0,32.5,0.0,0.0,tqqq_open_drawdown_from_immediate_prior_peak,one_open_transition_per_day
0.9241795945298419,0.6972797741346197,-0.9246416938173067,583613.2252178241,160,159,79,19,61,8,8,132,2005-12-20,2026-04-17,34.0,67.5,1.6,66.0,0.1,30.0,32.5,0.0,0.0,tqqq_open_drawdown_from_immediate_prior_peak,one_open_transition_per_day
0.9341632943713412,0.6966073821463336,-0.9246416938173065,648213.2826950337,160,159,79,19,61,8,8,132,2005-12-20,2026-04-17,34.5,67.5,1.6,66.0,0.1,30.0,32.5,0.0,0.0,tqqq_open_drawdown_from_immediate_prior_peak,one_open_transition_per_day
0.9343074256757344,0.695492146813757,-0.9246416938173065,649193.8682969414,160,159,79,19,61,8,8,132,2005-12-20,2026-04-17,35.0,67.5,1.6,66.0,0.1,30.0,32.5,0.0,0.0,tqqq_open_drawdown_from_immediate_prior_peak,one_open_transition_per_day
0.9508425108541003,0.6948025257018136,-0.9246416938173065,771551.3695823627,160,159,79,19,61,9,9,132,2005-12-20,2026-04-17,35.5,67.5,1.6,66.0,0.1,30.0,32.5,0.0,0.0,tqqq_open_drawdown_from_immediate_prior_peak,one_open_transition_per_day
0.9624901587262995,0.6948311942305836,-0.9246416938173065,870580.6971851155,160,159,79,19,61,9,9,132,2005-12-20,2026-04-17,36.0,67.5,1.6,66.0,0.1,30.0,32.5,0.0,0.0,tqqq_open_drawdown_from_immediate_prior_peak,one_open_transition_per_day
0.9569744850897992,0.694506560109746,-0.9246416938173067,822267.8584565715,160,159,79,19,61,10,10,132,2005-12-20,2026-04-17,36.5,67.5,1.6,66.0,0.1,30.0,32.5,0.0,0.0,tqqq_open_drawdown_from_immediate_prior_peak,one_open_transition_per_day
0.9542855084645074,0.6943018874927559,-0.9246416938173065,799649.4898439829,160,159,79,19,61,10,10,132,2005-12-20,2026-04-17,37.0,67.5,1.6,66.0,0.1,30.0,32.5,0.0,0.0,tqqq_open_drawdown_from_immediate_prior_peak,one_open_transition_per_day
0.9542855084645074,0.6943018874927559,-0.9246416938173065,799649.4898439829,160,159,79,19,61,10,10,132,2005-12-20,2026-04-17,37.5,67.5,1.6,66.0,0.1,30.0,32.5,0.0,0.0,tqqq_open_drawdown_from_immediate_prior_peak,one_open_transition_per_day
0.9791232672894086,0.6926219942124228,-0.9246416938173067,1033150.0905134444,160,159,79,19,61,10,10,132,2005-12-20,2026-04-17,38.0,67.5,1.6,66.0,0.1,30.0,32.5,0.0,0.0,tqqq_open_drawdown_from_immediate_prior_peak,one_open_transition_per_day
1.0011136073477802,0.6904217493047374,-0.9246416938173065,1292744.039588451,160,159,79,19,61,12,12,132,2005-12-20,2026-04-17,38.5,67.5,1.6,66.0,0.1,30.0,32.5,0.0,0.0,tqqq_open_drawdown_from_immediate_prior_peak,one_open_transition_per_day
1.0070401093777233,0.6901392232881569,-0.9246416938173065,1372668.3478606795,160,159,79,19,61,12,12,132,2005-12-20,2026-04-17,39.0,67.5,1.6,66.0,0.1,30.0,32.5,0.0,0.0,tqqq_open_drawdown_from_immediate_prior_peak,one_open_transition_per_day
1.0160620510127236,0.6894707831041694,-0.9246416938173067,1503415.4518110238,160,159,79,19,61,12,12,132,2005-12-20,2026-04-17,39.5,67.5,1.6,66.0,0.1,30.0,32.5,0.0,0.0,tqqq_open_drawdown_from_immediate_prior_peak,one_open_transition_per_day
1.0255874900292996,0.6893697041006249,-0.9246416938173065,1654268.975075878,160,159,79,19,61,14,14,132,2005-12-20,2026-04-17,40.0,67.5,1.6,66.0,0.1,30.0,32.5,0.0,0.0,tqqq_open_drawdown_from_immediate_prior_peak,one_open_transition_per_day
1.029002431952629,0.6873647449371337,-0.9199901812545789,1711773.7840861678,160,159,79,19,61,14,14,132,2005-12-20,2026-04-17,40.5,67.5,1.6,66.0,0.1,30.0,32.5,0.0,0.0,tqqq_open_drawdown_from_immediate_prior_peak,one_open_transition_per_day
1.0365693325503602,0.6866434438204997,-0.919398627404597,1846039.1551481346,160,159,79,19,61,14,14,132,2005-12-20,2026-04-17,41.0,67.5,1.6,66.0,0.1,30.0,32.5,0.0,0.0,tqqq_open_drawdown_from_immediate_prior_peak,one_open_transition_per_day
1.0327381640092206,0.6843054619110084,-0.919398627404597,1776855.4084559677,160,159,79,19,61,15,15,132,2005-12-20,2026-04-17,41.5,67.5,1.6,66.0,0.1,30.0,32.5,0.0,0.0,tqqq_open_drawdown_from_immediate_prior_peak,one_open_transition_per_day
1.0243778974957407,0.6839923158848352,-0.919398627404597,1634344.5577901509,160,159,79,19,61,15,15,132,2005-12-20,2026-04-17,42.0,67.5,1.6,66.0,0.1,30.0,32.5,0.0,0.0,tqqq_open_drawdown_from_immediate_prior_peak,one_open_transition_per_day
1.0004437770080723,0.6832543252708012,-0.9197496136321079,1283994.3081007763,160,159,79,19,61,15,15,132,2005-12-20,2026-04-17,42.5,67.5,1.6,66.0,0.1,30.0,32.5,0.0,0.0,tqqq_open_drawdown_from_immediate_prior_peak,one_open_transition_per_day
1.022234169308164,0.6818055747448738,-0.9167844683759145,1599592.2775142472,160,159,79,19,61,15,15,132,2005-12-20,2026-04-17,43.0,67.5,1.6,66.0,0.1,30.0,32.5,0.0,0.0,tqqq_open_drawdown_from_immediate_prior_peak,one_open_transition_per_day
1.0320873355610827,0.6816680522371642,-0.9122636934030773,1765350.3933670018,160,159,79,19,61,16,16,132,2005-12-20,2026-04-17,43.5,67.5,1.6,66.0,0.1,30.0,32.5,0.0,0.0,tqqq_open_drawdown_from_immediate_prior_peak,one_open_transition_per_day
1.0431411942161297,0.6814451325934968,-0.9122636934030773,1970717.097161343,160,159,79,19,61,16,16,132,2005-12-20,2026-04-17,44.0,67.5,1.6,66.0,0.1,30.0,32.5,0.0,0.0,tqqq_open_drawdown_from_immediate_prior_peak,one_open_transition_per_day
1.0372082125668163,0.6810728004556368,-0.9122636934030772,1857822.4184968378,160,159,79,19,61,16,16,132,2005-12-20,2026-04-17,44.5,67.5,1.6,66.0,0.1,30.0,32.5,0.0,0.0,tqqq_open_drawdown_from_immediate_prior_peak,one_open_transition_per_day
1.04336893860112,0.6811347199509247,-0.9122636934030772,1975178.0821540852,160,159,79,19,61,17,17,132,2005-12-20,2026-04-17,45.0,67.5,1.6,66.0,0.1,30.0,32.5,0.0,0.0,tqqq_open_drawdown_from_immediate_prior_peak,one_open_transition_per_day
1.0648164880484048,0.6830021904743593,-0.9122636934030772,2441154.8063200987,160,159,79,19,61,17,17,132,2005-12-20,2026-04-17,45.5,67.5,1.6,66.0,0.1,30.0,32.5,0.0,0.0,tqqq_open_drawdown_from_immediate_prior_peak,one_open_transition_per_day
1.0697450273254216,0.6823580778426594,-0.9096628720620303,2562116.737212534,160,159,79,19,61,17,17,132,2005-12-20,2026-04-17,46.0,67.5,1.6,66.0,0.1,30.0,32.5,0.0,0.0,tqqq_open_drawdown_from_immediate_prior_peak,one_open_transition_per_day
1.0360796020111778,0.6814689728646877,-0.9096628720620303,1837054.891964331,160,159,79,19,61,17,17,132,2005-12-20,2026-04-17,46.5,67.5,1.6,66.0,0.1,30.0,32.5,0.0,0.0,tqqq_open_drawdown_from_immediate_prior_peak,one_open_transition_per_day
1.035827314133169,0.680854546919299,-0.9096628720620303,1832442.8288587758,160,159,79,19,61,17,17,132,2005-12-20,2026-04-17,47.0,67.5,1.6,66.0,0.1,30.0,32.5,0.0,0.0,tqqq_open_drawdown_from_immediate_prior_peak,one_open_transition_per_day
1.035827314133169,0.680854546919299,-0.9096628720620303,1832442.8288587758,160,159,79,19,61,17,17,132,2005-12-20,2026-04-17,47.5,67.5,1.6,66.0,0.1,30.0,32.5,0.0,0.0,tqqq_open_drawdown_from_immediate_prior_peak,one_open_transition_per_day
1.0389051338234467,0.6769353583717779,-0.9096628720620303,1889467.9790532272,160,159,79,19,61,17,17,132,2005-12-20,2026-04-17,48.0,67.5,1.6,66.0,0.1,30.0,32.5,0.0,0.0,tqqq_open_drawdown_from_immediate_prior_peak,one_open_transition_per_day
1.0395632630077096,0.6766843302310382,-0.9096628720620303,1901878.6797151773,160,159,79,19,61,18,18,132,2005-12-20,2026-04-17,48.5,67.5,1.6,66.0,0.1,30.0,32.5,0.0,0.0,tqqq_open_drawdown_from_immediate_prior_peak,one_open_transition_per_day
1.0395632630077096,0.6766843302310382,-0.9096628720620303,1901878.6797151773,160,159,79,19,61,18,18,132,2005-12-20,2026-04-17,49.0,67.5,1.6,66.0,0.1,30.0,32.5,0.0,0.0,tqqq_open_drawdown_from_immediate_prior_peak,one_open_transition_per_day
1.0395632630077096,0.6766843302310382,-0.9096628720620303,1901878.6797151773,160,159,79,19,61,18,18,132,2005-12-20,2026-04-17,49.5,67.5,1.6,66.0,0.1,30.0,32.5,0.0,0.0,tqqq_open_drawdown_from_immediate_prior_peak,one_open_transition_per_day
1.0501904789238616,0.6764738513462946,-0.9096628720620303,2113334.812678172,160,159,79,19,61,19,19,132,2005-12-20,2026-04-17,50.0,67.5,1.6,66.0,0.1,30.0,32.5,0.0,0.0,tqqq_open_drawdown_from_immediate_prior_peak,one_open_transition_per_day
1.0501904789238616,0.6764738513462946,-0.9096628720620303,2113334.812678172,160,159,79,19,61,20,20,132,2005-12-20,2026-04-17,50.5,67.5,1.6,66.0,0.1,30.0,32.5,0.0,0.0,tqqq_open_drawdown_from_immediate_prior_peak,one_open_transition_per_day
1.0524678980042612,0.6764486729059285,-0.9096628720620303,2161470.3604626134,160,159,79,19,61,20,20,132,2005-12-20,2026-04-17,51.0,67.5,1.6,66.0,0.1,30.0,32.5,0.0,0.0,tqqq_open_drawdown_from_immediate_prior_peak,one_open_transition_per_day
1.055048236852159,0.6764033778357876,-0.9096628720620303,2217267.672693896,160,159,79,19,61,20,20,132,2005-12-20,2026-04-17,51.5,67.5,1.6,66.0,0.1,30.0,32.5,0.0,0.0,tqqq_open_drawdown_from_immediate_prior_peak,one_open_transition_per_day
1.0557269901382393,0.6763364350778532,-0.9096628720620303,2232170.96158843,160,159,79,19,61,20,20,132,2005-12-20,2026-04-17,52.0,67.5,1.6,66.0,0.1,30.0,32.5,0.0,0.0,tqqq_open_drawdown_from_immediate_prior_peak,one_open_transition_per_day
1.0461098008467098,0.6764055148994835,-0.9096628720620303,2029623.8219774556,160,159,79,19,61,20,20,132,2005-12-20,2026-04-17,52.5,67.5,1.6,66.0,0.1,30.0,32.5,0.0,0.0,tqqq_open_drawdown_from_immediate_prior_peak,one_open_transition_per_day
1.0543254409475082,0.676108432931832,-0.9096628720620303,2201501.371563333,160,159,79,19,61,21,21,132,2005-12-20,2026-04-17,53.0,67.5,1.6,66.0,0.1,30.0,32.5,0.0,0.0,tqqq_open_drawdown_from_immediate_prior_peak,one_open_transition_per_day
1.0543254409475082,0.676108432931832,-0.9096628720620303,2201501.371563333,160,159,79,19,61,22,22,132,2005-12-20,2026-04-17,53.5,67.5,1.6,66.0,0.1,30.0,32.5,0.0,0.0,tqqq_open_drawdown_from_immediate_prior_peak,one_open_transition_per_day
1.0543254409475082,0.676108432931832,-0.9096628720620303,2201501.371563333,160,159,79,19,61,22,22,132,2005-12-20,2026-04-17,54.0,67.5,1.6,66.0,0.1,30.0,32.5,0.0,0.0,tqqq_open_drawdown_from_immediate_prior_peak,one_open_transition_per_day
1.0618812946087979,0.6754916443093975,-0.9096628720620303,2371716.589154839,160,159,79,19,61,22,22,132,2005-12-20,2026-04-17,54.5,67.5,1.6,66.0,0.1,30.0,32.5,0.0,0.0,tqqq_open_drawdown_from_immediate_prior_peak,one_open_transition_per_day
1.0482421670649447,0.6730088666086584,-0.9096628720620303,2072965.8156469185,160,159,79,19,61,24,24,132,2005-12-20,2026-04-17,55.0,67.5,1.6,66.0,0.1,30.0,32.5,0.0,0.0,tqqq_open_drawdown_from_immediate_prior_peak,one_open_transition_per_day
1.0482421670649447,0.6730088666086584,-0.9096628720620303,2072965.8156469185,160,159,79,19,61,24,24,132,2005-12-20,2026-04-17,55.5,67.5,1.6,66.0,0.1,30.0,32.5,0.0,0.0,tqqq_open_drawdown_from_immediate_prior_peak,one_open_transition_per_day
1.0552577056325783,0.6719616917104171,-0.9096628720620303,2221856.826682337,160,159,79,19,61,25,25,132,2005-12-20,2026-04-17,56.0,67.5,1.6,66.0,0.1,30.0,32.5,0.0,0.0,tqqq_open_drawdown_from_immediate_prior_peak,one_open_transition_per_day
1.0841793163514364,0.6696556158679854,-0.8755292896259698,2950026.6602651104,160,159,79,19,61,25,25,132,2005-12-20,2026-04-17,56.5,67.5,1.6,66.0,0.1,30.0,32.5,0.0,0.0,tqqq_open_drawdown_from_immediate_prior_peak,one_open_transition_per_day
1.0557957856459055,0.6670425613509835,-0.8755292896259699,2233686.7987633212,160,159,79,19,61,25,25,132,2005-12-20,2026-04-17,57.0,67.5,1.6,66.0,0.1,30.0,32.5,0.0,0.0,tqqq_open_drawdown_from_immediate_prior_peak,one_open_transition_per_day
1.054981830358006,0.6659726280294899,-0.8755292896259699,2215814.6859822627,160,159,79,19,61,25,25,132,2005-12-20,2026-04-17,57.5,67.5,1.6,66.0,0.1,30.0,32.5,0.0,0.0,tqqq_open_drawdown_from_immediate_prior_peak,one_open_transition_per_day
1.054981830358006,0.6659726280294899,-0.8755292896259699,2215814.6859822627,160,159,79,19,61,26,26,132,2005-12-20,2026-04-17,58.0,67.5,1.6,66.0,0.1,30.0,32.5,0.0,0.0,tqqq_open_drawdown_from_immediate_prior_peak,one_open_transition_per_day
1.054981830358006,0.6659726280294899,-0.8755292896259699,2215814.6859822627,160,159,79,19,61,26,26,132,2005-12-20,2026-04-17,58.5,67.5,1.6,66.0,0.1,30.0,32.5,0.0,0.0,tqqq_open_drawdown_from_immediate_prior_peak,one_open_transition_per_day
1.068122567779041,0.6646240703492254,-0.8755292896259698,2521680.8749950677,160,159,79,19,61,26,26,132,2005-12-20,2026-04-17,59.0,67.5,1.6,66.0,0.1,30.0,32.5,0.0,0.0,tqqq_open_drawdown_from_immediate_prior_peak,one_open_transition_per_day
1.0696530106547053,0.6643665974244769,-0.8755292896259698,2559807.0524267484,160,159,79,19,61,26,26,132,2005-12-20,2026-04-17,59.5,67.5,1.6,66.0,0.1,30.0,32.5,0.0,0.0,tqqq_open_drawdown_from_immediate_prior_peak,one_open_transition_per_day
1.0489465041301789,0.6610791935713839,-0.8755292896259698,2087474.311999936,160,159,79,19,61,26,26,132,2005-12-20,2026-04-17,60.0,67.5,1.6,66.0,0.1,30.0,32.5,0.0,0.0,tqqq_open_drawdown_from_immediate_prior_peak,one_open_transition_per_day
1.0493440636135385,0.6610348797137942,-0.8755292896259698,2095706.1291377873,160,159,79,19,61,26,26,132,2005-12-20,2026-04-17,60.5,67.5,1.6,66.0,0.1,30.0,32.5,0.0,0.0,tqqq_open_drawdown_from_immediate_prior_peak,one_open_transition_per_day
0.9914050111303168,0.6570100922407448,-0.8845156237188556,1171294.4435173192,160,159,79,19,61,27,27,132,2005-12-20,2026-04-17,61.0,67.5,1.6,66.0,0.1,30.0,32.5,0.0,0.0,tqqq_open_drawdown_from_immediate_prior_peak,one_open_transition_per_day
0.998271953625236,0.6568145490840791,-0.8845156237188556,1256010.214949621,160,159,79,19,61,27,27,132,2005-12-20,2026-04-17,61.5,67.5,1.6,66.0,0.1,30.0,32.5,0.0,0.0,tqqq_open_drawdown_from_immediate_prior_peak,one_open_transition_per_day
1.0003763699171726,0.6564697553386827,-0.8845156237188556,1283116.9204247762,160,159,79,19,61,27,27,132,2005-12-20,2026-04-17,62.0,67.5,1.6,66.0,0.1,30.0,32.5,0.0,0.0,tqqq_open_drawdown_from_immediate_prior_peak,one_open_transition_per_day
1.014269396647474,0.655254303335802,-0.8677809881934597,1476528.4463620225,160,159,79,19,61,28,28,132,2005-12-20,2026-04-17,62.5,67.5,1.6,66.0,0.1,30.0,32.5,0.0,0.0,tqqq_open_drawdown_from_immediate_prior_peak,one_open_transition_per_day
1.0113583748709227,0.6550000129028671,-0.8677809881934597,1433839.157785949,160,159,79,19,61,28,28,132,2005-12-20,2026-04-17,63.0,67.5,1.6,66.0,0.1,30.0,32.5,0.0,0.0,tqqq_open_drawdown_from_immediate_prior_peak,one_open_transition_per_day
1.011754893360219,0.6548347532610689,-0.8677809881934597,1439584.1642584286,160,159,79,19,61,28,28,132,2005-12-20,2026-04-17,63.5,67.5,1.6,66.0,0.1,30.0,32.5,0.0,0.0,tqqq_open_drawdown_from_immediate_prior_peak,one_open_transition_per_day
1.0297680818905284,0.6534136346980312,-0.8677809881934597,1724924.9849797443,160,159,79,19,61,28,28,132,2005-12-20,2026-04-17,64.0,67.5,1.6,66.0,0.1,30.0,32.5,0.0,0.0,tqqq_open_drawdown_from_immediate_prior_peak,one_open_transition_per_day
1.0295011055453513,0.6516253418843441,-0.866520823723903,1720328.3909835068,160,159,79,19,61,28,28,132,2005-12-20,2026-04-17,64.5,67.5,1.6,66.0,0.1,30.0,32.5,0.0,0.0,tqqq_open_drawdown_from_immediate_prior_peak,one_open_transition_per_day
1.0307299592271524,0.6516401525618186,-0.866520823723903,1741582.8578604292,160,159,79,19,61,28,28,132,2005-12-20,2026-04-17,65.0,67.5,1.6,66.0,0.1,30.0,32.5,0.0,0.0,tqqq_open_drawdown_from_immediate_prior_peak,one_open_transition_per_day
1.0333996108592496,0.6515780265080805,-0.866520823723903,1788621.1466245174,160,159,79,19,61,28,28,132,2005-12-20,2026-04-17,65.5,67.5,1.6,66.0,0.1,30.0,32.5,0.0,0.0,tqqq_open_drawdown_from_immediate_prior_peak,one_open_transition_per_day
1.0462561663529493,0.6476245691951641,-0.860942209200763,2032571.0603153033,160,159,79,19,61,28,28,132,2005-12-20,2026-04-17,66.0,67.5,1.6,66.0,0.1,30.0,32.5,0.0,0.0,tqqq_open_drawdown_from_immediate_prior_peak,one_open_transition_per_day
1.0465804107457668,0.6473760991009458,-0.860942209200763,2039114.592510932,160,159,79,19,61,28,28,132,2005-12-20,2026-04-17,66.5,67.5,1.6,66.0,0.1,30.0,32.5,0.0,0.0,tqqq_open_drawdown_from_immediate_prior_peak,one_open_transition_per_day
1.0485101679159778,0.6473898509264843,-0.858258020729155,2078474.975342039,160,159,79,19,61,28,28,132,2005-12-20,2026-04-17,67.0,67.5,1.6,66.0,0.1,30.0,32.5,0.0,0.0,tqqq_open_drawdown_from_immediate_prior_peak,one_open_transition_per_day
1.0592713399862292,0.6471565310649933,-0.858258020729155,2311553.5267663687,160,159,79,19,61,28,28,132,2005-12-20,2026-04-17,67.5,67.5,1.6,66.0,0.1,30.0,32.5,0.0,0.0,tqqq_open_drawdown_from_immediate_prior_peak,one_open_transition_per_day
1.06319877995608,0.6456855404361942,-0.8526721461208812,2402648.9680552054,160,159,79,19,61,28,28,132,2005-12-20,2026-04-17,68.0,67.5,1.6,66.0,0.1,30.0,32.5,0.0,0.0,tqqq_open_drawdown_from_immediate_prior_peak,one_open_transition_per_day
1.06319877995608,0.6456855404361942,-0.8526721461208812,2402648.9680552054,160,159,79,19,61,28,28,132,2005-12-20,2026-04-17,68.5,67.5,1.6,66.0,0.1,30.0,32.5,0.0,0.0,tqqq_open_drawdown_from_immediate_prior_peak,one_open_transition_per_day
1.0890851885937312,0.6420717412885424,-0.8131799847047725,3094133.460592171,160,159,79,19,61,28,28,132,2005-12-20,2026-04-17,69.0,67.5,1.6,66.0,0.1,30.0,32.5,0.0,0.0,tqqq_open_drawdown_from_immediate_prior_peak,one_open_transition_per_day
1.032984981855468,0.6299174847045899,-0.8131799847047725,1781237.1431882994,160,159,79,19,61,28,28,132,2005-12-20,2026-04-17,69.5,67.5,1.6,66.0,0.1,30.0,32.5,0.0,0.0,tqqq_open_drawdown_from_immediate_prior_peak,one_open_transition_per_day
1.0378087276835446,0.630073140248301,-0.8131799847047725,1868963.2590183096,160,159,79,19,61,28,28,132,2005-12-20,2026-04-17,70.0,67.5,1.6,66.0,0.1,30.0,32.5,0.0,0.0,tqqq_open_drawdown_from_immediate_prior_peak,one_open_transition_per_day
1.0387918205959936,0.6300856297551597,-0.8131799847047725,1887338.9543240902,160,159,79,19,61,28,28,132,2005-12-20,2026-04-17,70.5,67.5,1.6,66.0,0.1,30.0,32.5,0.0,0.0,tqqq_open_drawdown_from_immediate_prior_peak,one_open_transition_per_day
1.0364073644659837,0.626204533697649,-0.8131799847047725,1843063.1859342626,160,159,79,19,61,28,28,132,2005-12-20,2026-04-17,71.0,67.5,1.6,66.0,0.1,30.0,32.5,0.0,0.0,tqqq_open_drawdown_from_immediate_prior_peak,one_open_transition_per_day
1.0350402795360143,0.6262578284045542,-0.8131799847047725,1818125.7163643707,160,159,79,19,61,28,28,132,2005-12-20,2026-04-17,71.5,67.5,1.6,66.0,0.1,30.0,32.5,0.0,0.0,tqqq_open_drawdown_from_immediate_prior_peak,one_open_transition_per_day
1.0481374751550807,0.6243939485442246,-0.8131799847047725,2070817.4894450014,160,159,79,19,61,28,28,132,2005-12-20,2026-04-17,72.0,67.5,1.6,66.0,0.1,30.0,32.5,0.0,0.0,tqqq_open_drawdown_from_immediate_prior_peak,one_open_transition_per_day
0.9916414790962589,0.6227141990342848,-0.8131799847047725,1174119.1053692028,160,159,79,19,61,28,28,132,2005-12-20,2026-04-17,72.5,67.5,1.6,66.0,0.1,30.0,32.5,0.0,0.0,tqqq_open_drawdown_from_immediate_prior_peak,one_open_transition_per_day
0.9869811680733298,0.6225913239844064,-0.8131799847047725,1119626.6707194394,160,159,79,19,61,28,28,132,2005-12-20,2026-04-17,73.0,67.5,1.6,66.0,0.1,30.0,32.5,0.0,0.0,tqqq_open_drawdown_from_immediate_prior_peak,one_open_transition_per_day
0.99034280578042,0.622425245463997,-0.8131799847047725,1158685.6648165751,160,159,79,19,61,28,28,132,2005-12-20,2026-04-17,73.5,67.5,1.6,66.0,0.1,30.0,32.5,0.0,0.0,tqqq_open_drawdown_from_immediate_prior_peak,one_open_transition_per_day
0.9905642918693147,0.6219454096382576,-0.8131799847047725,1161304.092594431,160,159,79,19,61,28,28,132,2005-12-20,2026-04-17,74.0,67.5,1.6,66.0,0.1,30.0,32.5,0.0,0.0,tqqq_open_drawdown_from_immediate_prior_peak,one_open_transition_per_day
0.9997839046031551,0.6216578388579518,-0.8131799847047725,1275429.7257949794,160,159,79,19,61,28,28,132,2005-12-20,2026-04-17,74.5,67.5,1.6,66.0,0.1,30.0,32.5,0.0,0.0,tqqq_open_drawdown_from_immediate_prior_peak,one_open_transition_per_day
1.0225065773273636,0.620236986991775,-0.8031019289248571,1603969.0328814131,160,159,79,19,61,28,28,132,2005-12-20,2026-04-17,75.0,67.5,1.6,66.0,0.1,30.0,32.5,0.0,0.0,tqqq_open_drawdown_from_immediate_prior_peak,one_open_transition_per_day
0.9734820210240018,0.6169358450629856,-0.8031019289248571,975025.1532717024,160,159,79,19,61,28,28,132,2005-12-20,2026-04-17,75.5,67.5,1.6,66.0,0.1,30.0,32.5,0.0,0.0,tqqq_open_drawdown_from_immediate_prior_peak,one_open_transition_per_day
0.9893471466474357,0.6171174347032229,-0.8031019289248571,1146984.0681038657,160,159,79,19,61,28,28,132,2005-12-20,2026-04-17,76.0,67.5,1.6,66.0,0.1,30.0,32.5,0.0,0.0,tqqq_open_drawdown_from_immediate_prior_peak,one_open_transition_per_day
1.0208987249960848,0.615962588932668,-0.753745703818659,1578299.5791720217,160,159,79,19,61,29,29,132,2005-12-20,2026-04-17,76.5,67.5,1.6,66.0,0.1,30.0,32.5,0.0,0.0,tqqq_open_drawdown_from_immediate_prior_peak,one_open_transition_per_day
1.017749387454836,0.6152770860899643,-0.753745703818659,1529147.5877459499,160,159,79,19,61,29,29,132,2005-12-20,2026-04-17,77.0,67.5,1.6,66.0,0.1,30.0,32.5,0.0,0.0,tqqq_open_drawdown_from_immediate_prior_peak,one_open_transition_per_day
0.9949801547367676,0.6146160174861847,-0.753745703818659,1214698.0498255373,160,159,79,19,61,29,29,132,2005-12-20,2026-04-17,77.5,67.5,1.6,66.0,0.1,30.0,32.5,0.0,0.0,tqqq_open_drawdown_from_immediate_prior_peak,one_open_transition_per_day
0.9972483118715028,0.6146262468444702,-0.753745703818659,1243022.4925206928,160,159,79,19,61,29,29,132,2005-12-20,2026-04-17,78.0,67.5,1.6,66.0,0.1,30.0,32.5,0.0,0.0,tqqq_open_drawdown_from_immediate_prior_peak,one_open_transition_per_day
1.0099034482773206,0.6132881762015822,-0.753745703818659,1412945.433336238,160,159,79,19,61,29,29,132,2005-12-20,2026-04-17,78.5,67.5,1.6,66.0,0.1,30.0,32.5,0.0,0.0,tqqq_open_drawdown_from_immediate_prior_peak,one_open_transition_per_day
1.0194361882418135,0.6105689047216577,-0.753745703818659,1555289.7171090723,160,159,79,19,61,30,30,132,2005-12-20,2026-04-17,79.0,67.5,1.6,66.0,0.1,30.0,32.5,0.0,0.0,tqqq_open_drawdown_from_immediate_prior_peak,one_open_transition_per_day
1.028228012860409,0.6107259887882621,-0.753745703818659,1698568.9623214277,160,159,79,19,61,30,30,132,2005-12-20,2026-04-17,79.5,67.5,1.6,66.0,0.1,30.0,32.5,0.0,0.0,tqqq_open_drawdown_from_immediate_prior_peak,one_open_transition_per_day
1.0424347160786258,0.6108594715350117,-0.753745703818659,1956939.6897651264,160,159,79,19,61,30,30,132,2005-12-20,2026-04-17,80.0,67.5,1.6,66.0,0.1,30.0,32.5,0.0,0.0,tqqq_open_drawdown_from_immediate_prior_peak,one_open_transition_per_day
1.013041027112537,0.6104908676272136,-0.7443159652182795,1458369.4557408062,160,159,79,19,61,30,30,132,2005-12-20,2026-04-17,80.5,67.5,1.6,66.0,0.1,30.0,32.5,0.0,0.0,tqqq_open_drawdown_from_immediate_prior_peak,one_open_transition_per_day
1.014573257076961,0.6085814625299385,-0.7224175715648828,1481053.4672579353,160,159,79,19,61,30,30,132,2005-12-20,2026-04-17,81.0,67.5,1.6,66.0,0.1,30.0,32.5,0.0,0.0,tqqq_open_drawdown_from_immediate_prior_peak,one_open_transition_per_day
1.011817015224321,0.6081243221298471,-0.7224175715648828,1440486.2048915275,160,159,79,19,61,30,30,132,2005-12-20,2026-04-17,81.5,67.5,1.6,66.0,0.1,30.0,32.5,0.0,0.0,tqqq_open_drawdown_from_immediate_prior_peak,one_open_transition_per_day
0.9797418445602584,0.6031465810254809,-0.7224175715648828,1039720.3764619522,160,159,79,19,61,30,30,132,2005-12-20,2026-04-17,82.0,67.5,1.6,66.0,0.1,30.0,32.5,0.0,0.0,tqqq_open_drawdown_from_immediate_prior_peak,one_open_transition_per_day
0.9797418445602584,0.6031465810254809,-0.7224175715648828,1039720.3764619522,160,159,79,19,61,30,30,132,2005-12-20,2026-04-17,82.5,67.5,1.6,66.0,0.1,30.0,32.5,0.0,0.0,tqqq_open_drawdown_from_immediate_prior_peak,one_open_transition_per_day
0.9797418445602584,0.6031465810254809,-0.7224175715648828,1039720.3764619522,160,159,79,19,61,30,30,132,2005-12-20,2026-04-17,83.0,67.5,1.6,66.0,0.1,30.0,32.5,0.0,0.0,tqqq_open_drawdown_from_immediate_prior_peak,one_open_transition_per_day
0.9797418445602584,0.6031465810254809,-0.7224175715648828,1039720.3764619522,160,159,79,19,61,30,30,132,2005-12-20,2026-04-17,83.5,67.5,1.6,66.0,0.1,30.0,32.5,0.0,0.0,tqqq_open_drawdown_from_immediate_prior_peak,one_open_transition_per_day
0.9797418445602584,0.6031465810254809,-0.7224175715648828,1039720.3764619522,160,159,79,19,61,30,30,132,2005-12-20,2026-04-17,84.0,67.5,1.6,66.0,0.1,30.0,32.5,0.0,0.0,tqqq_open_drawdown_from_immediate_prior_peak,one_open_transition_per_day
0.9797418445602584,0.6031465810254809,-0.7224175715648828,1039720.3764619522,160,159,79,19,61,30,30,132,2005-12-20,2026-04-17,84.5,67.5,1.6,66.0,0.1,30.0,32.5,0.0,0.0,tqqq_open_drawdown_from_immediate_prior_peak,one_open_transition_per_day
0.9797418445602584,0.6031465810254809,-0.7224175715648828,1039720.3764619522,160,159,79,19,61,30,30,132,2005-12-20,2026-04-17,85.0,67.5,1.6,66.0,0.1,30.0,32.5,0.0,0.0,tqqq_open_drawdown_from_immediate_prior_peak,one_open_transition_per_day
0.9797418445602584,0.6031465810254809,-0.7224175715648828,1039720.3764619522,160,159,79,19,61,31,31,132,2005-12-20,2026-04-17,85.5,67.5,1.6,66.0,0.1,30.0,32.5,0.0,0.0,tqqq_open_drawdown_from_immediate_prior_peak,one_open_transition_per_day
0.9797418445602584,0.6031465810254809,-0.7224175715648828,1039720.3764619522,160,159,79,19,61,31,31,132,2005-12-20,2026-04-17,86.0,67.5,1.6,66.0,0.1,30.0,32.5,0.0,0.0,tqqq_open_drawdown_from_immediate_prior_peak,one_open_transition_per_day
0.9797418445602584,0.6031465810254809,-0.7224175715648828,1039720.3764619522,160,159,79,19,61,31,31,132,2005-12-20,2026-04-17,86.5,67.5,1.6,66.0,0.1,30.0,32.5,0.0,0.0,tqqq_open_drawdown_from_immediate_prior_peak,one_open_transition_per_day
0.9797418445602584,0.6031465810254809,-0.7224175715648828,1039720.3764619522,160,159,79,19,61,31,31,132,2005-12-20,2026-04-17,87.0,67.5,1.6,66.0,0.1,30.0,32.5,0.0,0.0,tqqq_open_drawdown_from_immediate_prior_peak,one_open_transition_per_day
0.9797418445602584,0.6031465810254809,-0.7224175715648828,1039720.3764619522,160,159,79,19,61,31,31,132,2005-12-20,2026-04-17,87.5,67.5,1.6,66.0,0.1,30.0,32.5,0.0,0.0,tqqq_open_drawdown_from_immediate_prior_peak,one_open_transition_per_day
1.0340064310954449,0.5968370347812684,-0.696338565492973,1799480.30636027,160,159,79,19,61,31,31,132,2005-12-20,2026-04-17,88.0,67.5,1.6,66.0,0.1,30.0,32.5,0.0,0.0,tqqq_open_drawdown_from_immediate_prior_peak,one_open_transition_per_day
1.0340064310954449,0.5968370347812684,-0.696338565492973,1799480.30636027,160,159,79,19,61,31,31,132,2005-12-20,2026-04-17,88.5,67.5,1.6,66.0,0.1,30.0,32.5,0.0,0.0,tqqq_open_drawdown_from_immediate_prior_peak,one_open_transition_per_day
1.0584919078640387,0.597394996949798,-0.6963385654929729,2293869.765011604,160,159,79,19,61,31,31,132,2005-12-20,2026-04-17,89.0,67.5,1.6,66.0,0.1,30.0,32.5,0.0,0.0,tqqq_open_drawdown_from_immediate_prior_peak,one_open_transition_per_day
1.0584919078640387,0.597394996949798,-0.6963385654929729,2293869.765011604,160,159,79,19,61,31,31,132,2005-12-20,2026-04-17,89.5,67.5,1.6,66.0,0.1,30.0,32.5,0.0,0.0,tqqq_open_drawdown_from_immediate_prior_peak,one_open_transition_per_day
1.0584919078640387,0.597394996949798,-0.6963385654929729,2293869.765011604,160,159,79,19,61,31,31,132,2005-12-20,2026-04-17,90.0,67.5,1.6,66.0,0.1,30.0,32.5,0.0,0.0,tqqq_open_drawdown_from_immediate_prior_peak,one_open_transition_per_day
1.0584919078640387,0.597394996949798,-0.6963385654929729,2293869.765011604,160,159,79,19,61,31,31,132,2005-12-20,2026-04-17,90.5,67.5,1.6,66.0,0.1,30.0,32.5,0.0,0.0,tqqq_open_drawdown_from_immediate_prior_peak,one_open_transition_per_day
1.0555603204037491,0.5877134545568277,-0.696338565492973,2228502.6217127675,160,159,79,19,61,31,31,132,2005-12-20,2026-04-17,91.0,67.5,1.6,66.0,0.1,30.0,32.5,0.0,0.0,tqqq_open_drawdown_from_immediate_prior_peak,one_open_transition_per_day
1.0677983029174767,0.5850792583236075,-0.696338565492973,2513672.441807243,160,159,79,19,61,31,31,132,2005-12-20,2026-04-17,91.5,67.5,1.6,66.0,0.1,30.0,32.5,0.0,0.0,tqqq_open_drawdown_from_immediate_prior_peak,one_open_transition_per_day
1.0969081270705092,0.5833922444871107,-0.6963385654929728,3337858.236436479,160,159,79,19,61,31,31,132,2005-12-20,2026-04-17,92.0,67.5,1.6,66.0,0.1,30.0,32.5,0.0,0.0,tqqq_open_drawdown_from_immediate_prior_peak,one_open_transition_per_day
1.0969081270705092,0.5833922444871107,-0.6963385654929728,3337858.236436479,160,159,79,19,61,31,31,132,2005-12-20,2026-04-17,92.5,67.5,1.6,66.0,0.1,30.0,32.5,0.0,0.0,tqqq_open_drawdown_from_immediate_prior_peak,one_open_transition_per_day
1.0969081270705092,0.5833922444871107,-0.6963385654929728,3337858.236436479,160,159,79,19,61,31,31,132,2005-12-20,2026-04-17,93.0,67.5,1.6,66.0,0.1,30.0,32.5,0.0,0.0,tqqq_open_drawdown_from_immediate_prior_peak,one_open_transition_per_day
1.1066628261261826,0.5828074391565125,-0.6963385654929731,3667383.7801118996,160,159,79,19,61,31,31,132,2005-12-20,2026-04-17,93.5,67.5,1.6,66.0,0.1,30.0,32.5,0.0,0.0,tqqq_open_drawdown_from_immediate_prior_peak,one_open_transition_per_day
1.130173760938745,0.5657832949760524,-0.6963385654929727,4593391.712585435,160,159,79,19,61,32,32,132,2005-12-20,2026-04-17,94.0,67.5,1.6,66.0,0.1,30.0,32.5,0.0,0.0,tqqq_open_drawdown_from_immediate_prior_peak,one_open_transition_per_day
1.130173760938745,0.5657832949760524,-0.6963385654929727,4593391.712585435,160,159,79,19,61,33,33,132,2005-12-20,2026-04-17,94.5,67.5,1.6,66.0,0.1,30.0,32.5,0.0,0.0,tqqq_open_drawdown_from_immediate_prior_peak,one_open_transition_per_day
1.0559477797776324,0.5598613780272717,-0.696338565492973,2237039.3010752406,160,159,79,19,61,33,33,132,2005-12-20,2026-04-17,95.0,67.5,1.6,66.0,0.1,30.0,32.5,0.0,0.0,tqqq_open_drawdown_from_immediate_prior_peak,one_open_transition_per_day
1.0559477797776324,0.5598613780272717,-0.696338565492973,2237039.3010752406,160,159,79,19,61,33,33,132,2005-12-20,2026-04-17,95.5,67.5,1.6,66.0,0.1,30.0,32.5,0.0,0.0,tqqq_open_drawdown_from_immediate_prior_peak,one_open_transition_per_day
1.0559477797776324,0.5598613780272717,-0.696338565492973,2237039.3010752406,160,159,79,19,61,33,33,132,2005-12-20,2026-04-17,96.0,67.5,1.6,66.0,0.1,30.0,32.5,0.0,0.0,tqqq_open_drawdown_from_immediate_prior_peak,one_open_transition_per_day
1.0559477797776324,0.5598613780272717,-0.696338565492973,2237039.3010752406,160,159,79,19,61,33,33,132,2005-12-20,2026-04-17,96.5,67.5,1.6,66.0,0.1,30.0,32.5,0.0,0.0,tqqq_open_drawdown_from_immediate_prior_peak,one_open_transition_per_day
1.0559477797776324,0.5598613780272717,-0.696338565492973,2237039.3010752406,160,159,79,19,61,33,33,132,2005-12-20,2026-04-17,97.0,67.5,1.6,66.0,0.1,30.0,32.5,0.0,0.0,tqqq_open_drawdown_from_immediate_prior_peak,one_open_transition_per_day
1.0559477797776324,0.5598613780272717,-0.696338565492973,2237039.3010752406,160,159,79,19,61,33,33,132,2005-12-20,2026-04-17,97.5,67.5,1.6,66.0,0.1,30.0,32.5,0.0,0.0,tqqq_open_drawdown_from_immediate_prior_peak,one_open_transition_per_day
1.0559477797776324,0.5598613780272717,-0.696338565492973,2237039.3010752406,160,159,79,19,61,33,33,132,2005-12-20,2026-04-17,98.0,67.5,1.6,66.0,0.1,30.0,32.5,0.0,0.0,tqqq_open_drawdown_from_immediate_prior_peak,one_open_transition_per_day
1.0559477797776324,0.5598613780272717,-0.696338565492973,2237039.3010752406,160,159,79,19,61,33,33,132,2005-12-20,2026-04-17,98.5,67.5,1.6,66.0,0.1,30.0,32.5,0.0,0.0,tqqq_open_drawdown_from_immediate_prior_peak,one_open_transition_per_day
1.0559477797776324,0.5598613780272717,-0.696338565492973,2237039.3010752406,160,159,79,19,61,33,33,132,2005-12-20,2026-04-17,99.0,67.5,1.6,66.0,0.1,30.0,32.5,0.0,0.0,tqqq_open_drawdown_from_immediate_prior_peak,one_open_transition_per_day
1.0559477797776324,0.5598613780272717,-0.696338565492973,2237039.3010752406,160,159,79,19,61,33,33,132,2005-12-20,2026-04-17,99.5,67.5,1.6,66.0,0.1,30.0,32.5,0.0,0.0,tqqq_open_drawdown_from_immediate_prior_peak,one_open_transition_per_day
